{
  "welch_t": -11.47106770458582,
  "welch_df": 14.000000000000002,
  "welch_p_two_tailed": 1.664593618500021e-08,
  "hedges_g": 4.075435161386375,
  "arrays": {
    "baseline_F1": [
      0.3333333333333333,
      0.5,
      0.7692307692307692,
      0.5517241379310345,
      0.28571428571428564,
      0.37837837837837834,
      0.33333333333333337,
      0.0,
      0.35294117647058826,
      0.5714285714285715,
      0.4615384615384615,
      0.4444444444444444,
      0.0,
      0.56,
      0.2105263157894737
    ],
    "zoran_F1": [
      1.0,
      1.0,
      1.0,
      1.0,
      1.0,
      1.0,
      1.0,
      1.0,
      1.0,
      1.0,
      1.0,
      1.0,
      1.0,
      1.0,
      1.0
    ]
  }
}